Claim ID,Claim Category,Claim Description,Source Location,Evidence Status,Supporting Evidence,Discrepancies/Issues,Action Required
C1,Architecture,"Ultra-Lightweight MobileViT_v2 Backbone: 1.60 million parameters","main.tex, Abstract & Section I","Verified","Checked via PyTorch param count (1,604,657).","None","None"
C2,Efficiency,"ONNX model size < 0.8 MB","main.tex, Abstract & Section VIII","Disputed","ONNX base file is 0.83 MB, but requires 6.40 MB .onnx.data weight tensor file.","Total deployment footprint is ~7.23 MB, not 0.8 MB.","Rewrite paper to reflect true 7.23 MB ONNX deployment size or re-export as single file."
C3,Efficiency,"CPU inference latency: 550-700 ms per megapixel tile","main.tex, Abstract","Verified","benchmark_model.py outputs ~38.5ms for 256x256 crop. 1 megapixel = 16 crops. 16 * 38.5ms = 616 ms.","None","None"
C4,Novelty,"Domain-Specific Inductive Priors: Strip Convolutions and Channel Shift","main.tex, Section III","Verified (with context)","mobilevit_v2.py implements these. FINAL_RESEARCH_AUDIT.md confirms they are derived from HPLNet.","Paper properly attributes HPLNet origin now.","None"
C5,Methodology,"Topology-Preserving Loss: Soft clDice with dynamic alpha decay","main.tex, Section IV","Verified","loss.py correctly implements soft_skel, SoftClDiceLoss, and RoadExtractionLoss with power-law alpha decay.","None","None"
C6,Methodology,"Canopy-Resilient Augmentation: CanopyShadowDropout","main.tex, Section V","Verified","dataset.py implements CanopyShadowDropout using cv2.GaussianBlur and green channel tinting.","None","None"
C7,Methodology,"Topological Post-Processing: Gap bridging up to 220 pixels","main.tex, Section VI","Verified","graph_postprocess.py implements hysteresis_threshold and connect_canopy_gaps (Strategy A and B with 220px limit).","None","None"
C8,Methodology,"Spatial Network Analytics: Betweenness Centrality & Resilience Index (R)","main.tex, Section VII","Verified","generate_fig6_real.py and graph_adapter.py implement nx.betweenness_centrality and network efficiency decay simulations.","None","None"
C9,Dataset,"Dataset Split: 6,226 training, 1,243 validation (no resizing leakage)","main.tex, Section V","Verified","dataset.py uses ToTensorV2 without Resize for validation. FINAL_RESEARCH_AUDIT.md confirms spatial leakage is fixed.","None","None"
C10,Results,"Quantitative Performance: IoU 51.6%, Dice F1 66.6%, APLS 26.8%, TOPO F1 20.8%","main.tex, Section IX","Verified","evaluation_summary.json exactly matches these metrics (IoU 0.516, F1 0.666, APLS 0.268, TOPO F1 0.208).","None","None"
C11,Architecture,"95% parameter reduction compared to U-Net baseline (31.04M)","main.tex, Abstract & Section IX","Verified","1.60M / 31.04M = ~5.15% (i.e. ~94.8% reduction).","None","None"
